Sales office's Description,Invoice No.,Invoice Line Item No.,Invoice Date,Material,Material Description,Quantity,UOM,Sales Order No.,Sales Order  Item No.,Sales Order Type,Customer purchase order number,Payment Terms,Sold-to Party,Sold-to Name,Ship-to Party,Ship-to Name,Bill-to Party,Bill-to Name,Payer,Payer Name,Sales Rep,Sales Rep Name,Delivery No.,Delivery Item No.
IR,RB15958920,10,03-01-19,ENFC20100-DR000200,ALMATEX C201,"1,600.000",KG,1000175668,10,ZGOR,WK1812-00193,Z120,BG00013090,บริษัท สีไทยกันไซเพ้นท์ จำกัด,BG00013090,บริษัท สีไทยกันไซเพ้นท์ จำกัด,BG00013090,บริษัท สีไทยกันไซเพ้นท์ จำกัด,BG00013090,บริษัท สีไทยกันไซเพ้นท์ จำกัด,SG00000039,MS. KULASAB,8000147880,10
IR,RB15958959,10,04-01-19,ENR286000-DR000200,U-VAN 28-60,"2,000.000",KG,1000175827,10,ZGOR,RWK1812-00256,Z120,BG00013306,บริษัท สีไทยกันไซเพ้นท์ จำกัด,BG00013306,บริษัท สีไทยกันไซเพ้นท์ จำกัด,BG00013306,บริษัท สีไทยกันไซเพ้นท์ จำกัด,BG00013306,บริษัท สีไทยกันไซเพ้นท์ จำกัด,SG00000039,MS. KULASAB,8000148202,10
IR,RB15958959,20,04-01-19,ENR925T70-DR000200,U-VAN 925T-70,"2,000.000",KG,1000175827,20,ZGOR,RWK1812-00256,Z120,BG00013306,บริษัท สีไทยกันไซเพ้นท์ จำกัด,BG00013306,บริษัท สีไทยกันไซเพ้นท์ จำกัด,BG00013306,บริษัท สีไทยกันไซเพ้นท์ จำกัด,BG00013306,บริษัท สีไทยกันไซเพ้นท์ จำกัด,SG00000039,MS. KULASAB,8000148202,20
IR,RB15958959,30,04-01-19,ENRMB20T0-DR000200,U-VAN MB20T,"2,000.000",KG,1000175827,30,ZGOR,RWK1812-00256,Z120,BG00013306,บริษัท สีไทยกันไซเพ้นท์ จำกัด,BG00013306,บริษัท สีไทยกันไซเพ้นท์ จำกัด,BG00013306,บริษัท สีไทยกันไซเพ้นท์ จำกัด,BG00013306,บริษัท สีไทยกันไซเพ้นท์ จำกัด,SG00000039,MS. KULASAB,8000148202,30
IR,RB15958959,40,04-01-19,ENJQ17090-DR000200,OLESTER Q1709,200.000,KG,1000175827,40,ZGOR,RWK1812-00256,Z120,BG00013306,บริษัท สีไทยกันไซเพ้นท์ จำกัด,BG00013306,บริษัท สีไทยกันไซเพ้นท์ จำกัด,BG00013306,บริษัท สีไทยกันไซเพ้นท์ จำกัด,BG00013306,บริษัท สีไทยกันไซเพ้นท์ จำกัด,SG00000039,MS. KULASAB,8000148202,40
IR,RB15958959,50,04-01-19,ENFB303T0-DR000200,ALMATEX B303T,"1,000.000",KG,1000175827,50,ZGOR,RWK1812-00256,Z120,BG00013306,บริษัท สีไทยกันไซเพ้นท์ จำกัด,BG00013306,บริษัท สีไทยกันไซเพ้นท์ จำกัด,BG00013306,บริษัท สีไทยกันไซเพ้นท์ จำกัด,BG00013306,บริษัท สีไทยกันไซเพ้นท์ จำกัด,SG00000039,MS. KULASAB,8000148202,50
IR,RB15958960,20,04-01-19,ENFC20700-DR000200,ALMATEX C207,200.000,KG,1000175668,20,ZGOR,WK1812-00193,Z120,BG00013090,บริษัท สีไทยกันไซเพ้นท์ จำกัด,BG00013090,บริษัท สีไทยกันไซเพ้นท์ จำกัด,BG00013090,บริษัท สีไทยกันไซเพ้นท์ จำกัด,BG00013090,บริษัท สีไทยกันไซเพ้นท์ จำกัด,SG00000039,MS. KULASAB,8000148203,10
IR,RB15958961,10,04-01-19,ENRMB20T0-DR000200,U-VAN MB20T,"1,000.000",KG,1000175864,10,ZGOR,GWK1812-00067,Z120,BG00013661,บริษัท สีไทยกันไซเพ้นท์ จำกัด,BG00013661,บริษัท สีไทยกันไซเพ้นท์ จำกัด,BG00013661,บริษัท สีไทยกันไซเพ้นท์ จำกัด,BG00013661,บริษัท สีไทยกันไซเพ้นท์ จำกัด,SG00000039,MS. KULASAB,8000148226,10
IR,RB15958961,20,04-01-19,ENRMB30T0-DR000200,U-VAN MB30T,"2,000.000",KG,1000175864,20,ZGOR,GWK1812-00067,Z120,BG00013661,บริษัท สีไทยกันไซเพ้นท์ จำกัด,BG00013661,บริษัท สีไทยกันไซเพ้นท์ จำกัด,BG00013661,บริษัท สีไทยกันไซเพ้นท์ จำกัด,BG00013661,บริษัท สีไทยกันไซเพ้นท์ จำกัด,SG00000039,MS. KULASAB,8000148226,20
IR,RB15958961,30,04-01-19,ENFC20100-DR000200,ALMATEX C201,"1,000.000",KG,1000175864,30,ZGOR,GWK1812-00067,Z120,BG00013661,บริษัท สีไทยกันไซเพ้นท์ จำกัด,BG00013661,บริษัท สีไทยกันไซเพ้นท์ จำกัด,BG00013661,บริษัท สีไทยกันไซเพ้นท์ จำกัด,BG00013661,บริษัท สีไทยกันไซเพ้นท์ จำกัด,SG00000039,MS. KULASAB,8000148226,30
IR,RB15959008,10,07-01-19,ENR48B000-DR000200,U-VAN 48B,"4,000.000",KG,1000175865,10,ZGOR,GWK1812-00068,Z120,BG00013661,บริษัท สีไทยกันไซเพ้นท์ จำกัด,BG00013661,บริษัท สีไทยกันไซเพ้นท์ จำกัด,BG00013661,บริษัท สีไทยกันไซเพ้นท์ จำกัด,BG00013661,บริษัท สีไทยกันไซเพ้นท์ จำกัด,SG00000039,MS. KULASAB,8000148382,10
IR,RB15959008,20,07-01-19,ENFKH210T-DR000200,ALMATEX KH210(T),600.000,KG,1000175865,20,ZGOR,GWK1812-00068,Z120,BG00013661,บริษัท สีไทยกันไซเพ้นท์ จำกัด,BG00013661,บริษัท สีไทยกันไซเพ้นท์ จำกัด,BG00013661,บริษัท สีไทยกันไซเพ้นท์ จำกัด,BG00013661,บริษัท สีไทยกันไซเพ้นท์ จำกัด,SG00000039,MS. KULASAB,8000148382,20
IR,RB15959008,30,07-01-19,ENFKH113T-DR000200,ALMATEX KH113(T),600.000,KG,1000175865,30,ZGOR,GWK1812-00068,Z120,BG00013661,บริษัท สีไทยกันไซเพ้นท์ จำกัด,BG00013661,บริษัท สีไทยกันไซเพ้นท์ จำกัด,BG00013661,บริษัท สีไทยกันไซเพ้นท์ จำกัด,BG00013661,บริษัท สีไทยกันไซเพ้นท์ จำกัด,SG00000039,MS. KULASAB,8000148382,30
IR,RB15959076,10,08-01-19,ENR286000-DR000200,U-VAN 28-60,200.000,KG,1000176902,10,ZGOR,WK1901-00064,Z120,BG00013090,บริษัท สีไทยกันไซเพ้นท์ จำกัด,BG00013090,บริษัท สีไทยกันไซเพ้นท์ จำกัด,BG00013090,บริษัท สีไทยกันไซเพ้นท์ จำกัด,BG00013090,บริษัท สีไทยกันไซเพ้นท์ จำกัด,SG00000039,MS. KULASAB,8000148442,10
IR,RB15959076,20,08-01-19,ENFL20580-DR000200,ALMATEX L2058,400.000,KG,1000176902,20,ZGOR,WK1901-00064,Z120,BG00013090,บริษัท สีไทยกันไซเพ้นท์ จำกัด,BG00013090,บริษัท สีไทยกันไซเพ้นท์ จำกัด,BG00013090,บริษัท สีไทยกันไซเพ้นท์ จำกัด,BG00013090,บริษัท สีไทยกันไซเพ้นท์ จำกัด,SG00000039,MS. KULASAB,8000148442,20
IR,RB15959077,10,08-01-19,ENR62E000-DR000200,U-VAN 62E,400.000,KG,1000176827,10,ZGOR,WK1901-00032,Z120,BG00013090,บริษัท สีไทยกันไซเพ้นท์ จำกัด,BG00013090,บริษัท สีไทยกันไซเพ้นท์ จำกัด,BG00013090,บริษัท สีไทยกันไซเพ้นท์ จำกัด,BG00013090,บริษัท สีไทยกันไซเพ้นท์ จำกัด,SG00000039,MS. KULASAB,8000148456,10
IR,RB15959077,20,08-01-19,ENFC20100-DR000200,ALMATEX C201,800.000,KG,1000176827,20,ZGOR,WK1901-00032,Z120,BG00013090,บริษัท สีไทยกันไซเพ้นท์ จำกัด,BG00013090,บริษัท สีไทยกันไซเพ้นท์ จำกัด,BG00013090,บริษัท สีไทยกันไซเพ้นท์ จำกัด,BG00013090,บริษัท สีไทยกันไซเพ้นท์ จำกัด,SG00000039,MS. KULASAB,8000148456,20
IR,RB15959077,30,08-01-19,ENFB34100-DR000200,ALMATEX B341,"1,000.000",KG,1000176827,30,ZGOR,WK1901-00032,Z120,BG00013090,บริษัท สีไทยกันไซเพ้นท์ จำกัด,BG00013090,บริษัท สีไทยกันไซเพ้นท์ จำกัด,BG00013090,บริษัท สีไทยกันไซเพ้นท์ จำกัด,BG00013090,บริษัท สีไทยกันไซเพ้นท์ จำกัด,SG00000039,MS. KULASAB,8000148456,30
IR,RB15959077,40,08-01-19,ENF750T00-DR000200,ALMATEX 750T,"1,600.000",KG,1000176827,40,ZGOR,WK1901-00032,Z120,BG00013090,บริษัท สีไทยกันไซเพ้นท์ จำกัด,BG00013090,บริษัท สีไทยกันไซเพ้นท์ จำกัด,BG00013090,บริษัท สีไทยกันไซเพ้นท์ จำกัด,BG00013090,บริษัท สีไทยกันไซเพ้นท์ จำกัด,SG00000039,MS. KULASAB,8000148456,40
IR,RB15959182,10,10-01-19,ENR20SE65-DR000200,U-VAN 20SE65,"1,000.000",KG,1000177010,10,ZGOR,RWK1901-00034,Z120,BG00013306,บริษัท สีไทยกันไซเพ้นท์ จำกัด,BG00013306,บริษัท สีไทยกันไซเพ้นท์ จำกัด,BG00013306,บริษัท สีไทยกันไซเพ้นท์ จำกัด,BG00013306,บริษัท สีไทยกันไซเพ้นท์ จำกัด,SG00000039,MS. KULASAB,8000148726,10
IR,RB15959182,20,10-01-19,ENR286000-DR000200,U-VAN 28-60,"1,000.000",KG,1000177010,20,ZGOR,RWK1901-00034,Z120,BG00013306,บริษัท สีไทยกันไซเพ้นท์ จำกัด,BG00013306,บริษัท สีไทยกันไซเพ้นท์ จำกัด,BG00013306,บริษัท สีไทยกันไซเพ้นท์ จำกัด,BG00013306,บริษัท สีไทยกันไซเพ้นท์ จำกัด,SG00000039,MS. KULASAB,8000148726,20
IR,RB15959183,10,10-01-19,ENR48B000-DR000200,U-VAN 48B,"1,000.000",KG,1000175867,10,ZGOR,GWK1812-00069,Z120,BG00013661,บริษัท สีไทยกันไซเพ้นท์ จำกัด,BG00013661,บริษัท สีไทยกันไซเพ้นท์ จำกัด,BG00013661,บริษัท สีไทยกันไซเพ้นท์ จำกัด,BG00013661,บริษัท สีไทยกันไซเพ้นท์ จำกัด,SG00000039,MS. KULASAB,8000148741,10
IR,RB15959183,20,10-01-19,ENRMB30T0-DR000200,U-VAN MB30T,"3,400.000",KG,1000175867,20,ZGOR,GWK1812-00069,Z120,BG00013661,บริษัท สีไทยกันไซเพ้นท์ จำกัด,BG00013661,บริษัท สีไทยกันไซเพ้นท์ จำกัด,BG00013661,บริษัท สีไทยกันไซเพ้นท์ จำกัด,BG00013661,บริษัท สีไทยกันไซเพ้นท์ จำกัด,SG00000039,MS. KULASAB,8000148741,20
IR,RB15959184,10,10-01-19,ENR20SE65-DR000200,U-VAN 20SE65,"2,400.000",KG,1000177290,10,ZGOR,WK1901-00116,Z120,BG00013090,บริษัท สีไทยกันไซเพ้นท์ จำกัด,BG00013090,บริษัท สีไทยกันไซเพ้นท์ จำกัด,BG00013090,บริษัท สีไทยกันไซเพ้นท์ จำกัด,BG00013090,บริษัท สีไทยกันไซเพ้นท์ จำกัด,SG00000039,MS. KULASAB,8000148790,10
IR,RB15959184,20,10-01-19,ENFL20580-DR000200,ALMATEX L2058,400.000,KG,1000177290,20,ZGOR,WK1901-00116,Z120,BG00013090,บริษัท สีไทยกันไซเพ้นท์ จำกัด,BG00013090,บริษัท สีไทยกันไซเพ้นท์ จำกัด,BG00013090,บริษัท สีไทยกันไซเพ้นท์ จำกัด,BG00013090,บริษัท สีไทยกันไซเพ้นท์ จำกัด,SG00000039,MS. KULASAB,8000148790,20
IR,RB15959184,30,10-01-19,ENFB303T0-DR000200,ALMATEX B303T,200.000,KG,1000177290,30,ZGOR,WK1901-00116,Z120,BG00013090,บริษัท สีไทยกันไซเพ้นท์ จำกัด,BG00013090,บริษัท สีไทยกันไซเพ้นท์ จำกัด,BG00013090,บริษัท สีไทยกันไซเพ้นท์ จำกัด,BG00013090,บริษัท สีไทยกันไซเพ้นท์ จำกัด,SG00000039,MS. KULASAB,8000148790,30
IR,RB15959318,10,14-01-19,ENR225000-DR000200,U-VAN 225,200.000,KG,1000177514,10,ZGOR,WK1901-00164,Z120,BG00013090,บริษัท สีไทยกันไซเพ้นท์ จำกัด,BG00013090,บริษัท สีไทยกันไซเพ้นท์ จำกัด,BG00013090,บริษัท สีไทยกันไซเพ้นท์ จำกัด,BG00013090,บริษัท สีไทยกันไซเพ้นท์ จำกัด,SG00000039,MS. KULASAB,8000148995,10
IR,RB15959318,20,14-01-19,ENR925T70-DR000200,U-VAN 925T-70,"1,600.000",KG,1000177514,20,ZGOR,WK1901-00164,Z120,BG00013090,บริษัท สีไทยกันไซเพ้นท์ จำกัด,BG00013090,บริษัท สีไทยกันไซเพ้นท์ จำกัด,BG00013090,บริษัท สีไทยกันไซเพ้นท์ จำกัด,BG00013090,บริษัท สีไทยกันไซเพ้นท์ จำกัด,SG00000039,MS. KULASAB,8000148995,20
IR,RB15959318,30,14-01-19,ENFP64600-DR000200,ALMATEX P646,"1,000.000",KG,1000177514,30,ZGOR,WK1901-00164,Z120,BG00013090,บริษัท สีไทยกันไซเพ้นท์ จำกัด,BG00013090,บริษัท สีไทยกันไซเพ้นท์ จำกัด,BG00013090,บริษัท สีไทยกันไซเพ้นท์ จำกัด,BG00013090,บริษัท สีไทยกันไซเพ้นท์ จำกัด,SG00000039,MS. KULASAB,8000148995,30
IR,RB15959382,10,15-01-19,ENR225000-DR000200,U-VAN 225,"2,000.000",KG,1000177012,10,ZGOR,RWK1901-00035,Z120,BG00013306,บริษัท สีไทยกันไซเพ้นท์ จำกัด,BG00013306,บริษัท สีไทยกันไซเพ้นท์ จำกัด,BG00013306,บริษัท สีไทยกันไซเพ้นท์ จำกัด,BG00013306,บริษัท สีไทยกันไซเพ้นท์ จำกัด,SG00000039,MS. KULASAB,8000149231,10
IR,RB15959382,20,15-01-19,ENR925T70-DR000200,U-VAN 925T-70,"2,000.000",KG,1000177012,20,ZGOR,RWK1901-00035,Z120,BG00013306,บริษัท สีไทยกันไซเพ้นท์ จำกัด,BG00013306,บริษัท สีไทยกันไซเพ้นท์ จำกัด,BG00013306,บริษัท สีไทยกันไซเพ้นท์ จำกัด,BG00013306,บริษัท สีไทยกันไซเพ้นท์ จำกัด,SG00000039,MS. KULASAB,8000149231,20
IR,RB15959382,30,15-01-19,ENFB303T0-DR000200,ALMATEX B303T,"1,000.000",KG,1000177012,30,ZGOR,RWK1901-00035,Z120,BG00013306,บริษัท สีไทยกันไซเพ้นท์ จำกัด,BG00013306,บริษัท สีไทยกันไซเพ้นท์ จำกัด,BG00013306,บริษัท สีไทยกันไซเพ้นท์ จำกัด,BG00013306,บริษัท สีไทยกันไซเพ้นท์ จำกัด,SG00000039,MS. KULASAB,8000149231,30
IR,RB15959385,10,16-01-19,ENJQC418H-DR000200,OLESTER QC418HT,"1,600.000",KG,1000177515,10,ZGOR,WK1901-00165,Z120,BG00013090,บริษัท สีไทยกันไซเพ้นท์ จำกัด,BG00013090,บริษัท สีไทยกันไซเพ้นท์ จำกัด,BG00013090,บริษัท สีไทยกันไซเพ้นท์ จำกัด,BG00013090,บริษัท สีไทยกันไซเพ้นท์ จำกัด,SG00000039,MS. KULASAB,8000149212,10
IR,RB15959456,10,18-01-19,ENJQC418H-DR000200,OLESTER QC418HT,"2,400.000",KG,1000177917,10,ZGOR,WK1901-00217,Z120,BG00013090,บริษัท สีไทยกันไซเพ้นท์ จำกัด,BG00013090,บริษัท สีไทยกันไซเพ้นท์ จำกัด,BG00013090,บริษัท สีไทยกันไซเพ้นท์ จำกัด,BG00013090,บริษัท สีไทยกันไซเพ้นท์ จำกัด,SG00000039,MS. KULASAB,8000149449,10
IR,RB15959517,10,21-01-19,ENR925T70-DR000200,U-VAN 925T-70,"1,600.000",KG,1000178159,10,ZGOR,WK1901-00252,Z120,BG00013090,บริษัท สีไทยกันไซเพ้นท์ จำกัด,BG00013090,บริษัท สีไทยกันไซเพ้นท์ จำกัด,BG00013090,บริษัท สีไทยกันไซเพ้นท์ จำกัด,BG00013090,บริษัท สีไทยกันไซเพ้นท์ จำกัด,SG00000039,MS. KULASAB,8000149529,10
IR,RB15959517,20,21-01-19,ENJQB5100-DR000200,OLESTER QB510,200.000,KG,1000178159,20,ZGOR,WK1901-00252,Z120,BG00013090,บริษัท สีไทยกันไซเพ้นท์ จำกัด,BG00013090,บริษัท สีไทยกันไซเพ้นท์ จำกัด,BG00013090,บริษัท สีไทยกันไซเพ้นท์ จำกัด,BG00013090,บริษัท สีไทยกันไซเพ้นท์ จำกัด,SG00000039,MS. KULASAB,8000149529,20
IR,RB15959517,30,21-01-19,ENJQC418H-DR000200,OLESTER QC418HT,"2,400.000",KG,1000178159,30,ZGOR,WK1901-00252,Z120,BG00013090,บริษัท สีไทยกันไซเพ้นท์ จำกัด,BG00013090,บริษัท สีไทยกันไซเพ้นท์ จำกัด,BG00013090,บริษัท สีไทยกันไซเพ้นท์ จำกัด,BG00013090,บริษัท สีไทยกันไซเพ้นท์ จำกัด,SG00000039,MS. KULASAB,8000149529,30
IR,RB15959518,10,21-01-19,ENR925T70-DR000200,U-VAN 925T-70,"4,000.000",KG,1000177675,10,ZGOR,GWK1901-00026,Z120,BG00013661,บริษัท สีไทยกันไซเพ้นท์ จำกัด,BG00013661,บริษัท สีไทยกันไซเพ้นท์ จำกัด,BG00013661,บริษัท สีไทยกันไซเพ้นท์ จำกัด,BG00013661,บริษัท สีไทยกันไซเพ้นท์ จำกัด,SG00000039,MS. KULASAB,8000149540,10
IR,RB15959518,20,21-01-19,ENFKH210T-DR000200,ALMATEX KH210(T),600.000,KG,1000177675,20,ZGOR,GWK1901-00026,Z120,BG00013661,บริษัท สีไทยกันไซเพ้นท์ จำกัด,BG00013661,บริษัท สีไทยกันไซเพ้นท์ จำกัด,BG00013661,บริษัท สีไทยกันไซเพ้นท์ จำกัด,BG00013661,บริษัท สีไทยกันไซเพ้นท์ จำกัด,SG00000039,MS. KULASAB,8000149540,20
IR,RB15959518,30,21-01-19,ENFKH113T-DR000200,ALMATEX KH113(T),600.000,KG,1000177675,30,ZGOR,GWK1901-00026,Z120,BG00013661,บริษัท สีไทยกันไซเพ้นท์ จำกัด,BG00013661,บริษัท สีไทยกันไซเพ้นท์ จำกัด,BG00013661,บริษัท สีไทยกันไซเพ้นท์ จำกัด,BG00013661,บริษัท สีไทยกันไซเพ้นท์ จำกัด,SG00000039,MS. KULASAB,8000149540,30
IR,RB15959518,40,21-01-19,ENJQ17090-DR000200,OLESTER Q1709,"1,000.000",KG,1000177675,40,ZGOR,GWK1901-00026,Z120,BG00013661,บริษัท สีไทยกันไซเพ้นท์ จำกัด,BG00013661,บริษัท สีไทยกันไซเพ้นท์ จำกัด,BG00013661,บริษัท สีไทยกันไซเพ้นท์ จำกัด,BG00013661,บริษัท สีไทยกันไซเพ้นท์ จำกัด,SG00000039,MS. KULASAB,8000149540,40
IR,RB15959574,10,22-01-19,ENR20SE65-DR000200,U-VAN 20SE65,"1,000.000",KG,1000177862,10,ZGOR,RWK1901-00088,Z120,BG00013306,บริษัท สีไทยกันไซเพ้นท์ จำกัด,BG00013306,บริษัท สีไทยกันไซเพ้นท์ จำกัด,BG00013306,บริษัท สีไทยกันไซเพ้นท์ จำกัด,BG00013306,บริษัท สีไทยกันไซเพ้นท์ จำกัด,SG00000039,MS. KULASAB,8000149744,10
IR,RB15959574,20,22-01-19,ENR286000-DR000200,U-VAN 28-60,"2,000.000",KG,1000177862,20,ZGOR,RWK1901-00088,Z120,BG00013306,บริษัท สีไทยกันไซเพ้นท์ จำกัด,BG00013306,บริษัท สีไทยกันไซเพ้นท์ จำกัด,BG00013306,บริษัท สีไทยกันไซเพ้นท์ จำกัด,BG00013306,บริษัท สีไทยกันไซเพ้นท์ จำกัด,SG00000039,MS. KULASAB,8000149744,20
IR,RB15959574,30,22-01-19,ENR925T70-DR000200,U-VAN 925T-70,"2,000.000",KG,1000177862,30,ZGOR,RWK1901-00088,Z120,BG00013306,บริษัท สีไทยกันไซเพ้นท์ จำกัด,BG00013306,บริษัท สีไทยกันไซเพ้นท์ จำกัด,BG00013306,บริษัท สีไทยกันไซเพ้นท์ จำกัด,BG00013306,บริษัท สีไทยกันไซเพ้นท์ จำกัด,SG00000039,MS. KULASAB,8000149744,30
IR,RB15959589,10,22-01-19,ENF787000-DR000200,ALMATEX 787,400.000,KG,1000178432,10,ZGOR,WK1901-00286,Z120,BG00013090,บริษัท สีไทยกันไซเพ้นท์ จำกัด,BG00013090,บริษัท สีไทยกันไซเพ้นท์ จำกัด,BG00013090,บริษัท สีไทยกันไซเพ้นท์ จำกัด,BG00013090,บริษัท สีไทยกันไซเพ้นท์ จำกัด,SG00000039,MS. KULASAB,8000149760,10
IR,RB15959589,20,22-01-19,ENJQC418H-DR000200,OLESTER QC418HT,"1,600.000",KG,1000178432,20,ZGOR,WK1901-00286,Z120,BG00013090,บริษัท สีไทยกันไซเพ้นท์ จำกัด,BG00013090,บริษัท สีไทยกันไซเพ้นท์ จำกัด,BG00013090,บริษัท สีไทยกันไซเพ้นท์ จำกัด,BG00013090,บริษัท สีไทยกันไซเพ้นท์ จำกัด,SG00000039,MS. KULASAB,8000149760,20
IR,RB15959590,10,22-01-19,ENFC20700-DR000200,ALMATEX C207,200.000,KG,1000178466,10,ZGOR,WK1901-00290,Z120,BG00013090,บริษัท สีไทยกันไซเพ้นท์ จำกัด,BG00013090,บริษัท สีไทยกันไซเพ้นท์ จำกัด,BG00013090,บริษัท สีไทยกันไซเพ้นท์ จำกัด,BG00013090,บริษัท สีไทยกันไซเพ้นท์ จำกัด,SG00000039,MS. KULASAB,8000149777,10
IR,RB15959591,10,22-01-19,ENRMB20T0-DR000200,U-VAN MB20T,"2,000.000",KG,1000177960,10,ZGOR,GWK1901-00035,Z120,BG00013661,บริษัท สีไทยกันไซเพ้นท์ จำกัด,BG00013661,บริษัท สีไทยกันไซเพ้นท์ จำกัด,BG00013661,บริษัท สีไทยกันไซเพ้นท์ จำกัด,BG00013661,บริษัท สีไทยกันไซเพ้นท์ จำกัด,SG00000039,MS. KULASAB,8000149680,10
IR,RB15959592,10,22-01-19,ENRMB20T0-DR000200,U-VAN MB20T,"2,000.000",KG,1000177863,10,ZGOR,RWK1901-00089,Z120,BG00013306,บริษัท สีไทยกันไซเพ้นท์ จำกัด,BG00013306,บริษัท สีไทยกันไซเพ้นท์ จำกัด,BG00013306,บริษัท สีไทยกันไซเพ้นท์ จำกัด,BG00013306,บริษัท สีไทยกันไซเพ้นท์ จำกัด,SG00000039,MS. KULASAB,8000149681,10
IR,RB15959592,20,22-01-19,ENFB303T0-DR000200,ALMATEX B303T,"3,000.000",KG,1000177863,20,ZGOR,RWK1901-00089,Z120,BG00013306,บริษัท สีไทยกันไซเพ้นท์ จำกัด,BG00013306,บริษัท สีไทยกันไซเพ้นท์ จำกัด,BG00013306,บริษัท สีไทยกันไซเพ้นท์ จำกัด,BG00013306,บริษัท สีไทยกันไซเพ้นท์ จำกัด,SG00000039,MS. KULASAB,8000149681,20
IR,RB15959593,10,22-01-19,ENRMB20T0-DR000200,U-VAN MB20T,"1,000.000",KG,1000177014,10,ZGOR,RWK1901-00028,Z120,BG00013306,บริษัท สีไทยกันไซเพ้นท์ จำกัด,BG00013306,บริษัท สีไทยกันไซเพ้นท์ จำกัด,BG00013306,บริษัท สีไทยกันไซเพ้นท์ จำกัด,BG00013306,บริษัท สีไทยกันไซเพ้นท์ จำกัด,SG00000039,MS. KULASAB,8000149684,10
IR,RB15959594,40,22-01-19,ENRMB20T0-DR000200,U-VAN MB20T,"1,000.000",KG,1000175864,40,ZGOR,GWK1812-00067,Z120,BG00013661,บริษัท สีไทยกันไซเพ้นท์ จำกัด,BG00013661,บริษัท สีไทยกันไซเพ้นท์ จำกัด,BG00013661,บริษัท สีไทยกันไซเพ้นท์ จำกัด,BG00013661,บริษัท สีไทยกันไซเพ้นท์ จำกัด,SG00000039,MS. KULASAB,8000149778,10
IR,RB15959595,60,22-01-19,ENRMB20T0-DR000200,U-VAN MB20T,400.000,KG,1000175827,60,ZGOR,RWK1812-00256,Z120,BG00013306,บริษัท สีไทยกันไซเพ้นท์ จำกัด,BG00013306,บริษัท สีไทยกันไซเพ้นท์ จำกัด,BG00013306,บริษัท สีไทยกันไซเพ้นท์ จำกัด,BG00013306,บริษัท สีไทยกันไซเพ้นท์ จำกัด,SG00000039,MS. KULASAB,8000149779,10
IR,RB15959606,10,23-01-19,ENJQC418H-DR000200,OLESTER QC418HT,"1,000.000",KG,1000178426,10,ZGOR,GWK1901-00044,Z120,BG00013661,บริษัท สีไทยกันไซเพ้นท์ จำกัด,BG00013661,บริษัท สีไทยกันไซเพ้นท์ จำกัด,BG00013661,บริษัท สีไทยกันไซเพ้นท์ จำกัด,BG00013661,บริษัท สีไทยกันไซเพ้นท์ จำกัด,SG00000039,MS. KULASAB,8000149820,10
IR,RB15959607,10,23-01-19,ENR48B000-DR000200,U-VAN 48B,"3,000.000",KG,1000177677,10,ZGOR,GWK1901-00027,Z120,BG00013661,บริษัท สีไทยกันไซเพ้นท์ จำกัด,BG00013661,บริษัท สีไทยกันไซเพ้นท์ จำกัด,BG00013661,บริษัท สีไทยกันไซเพ้นท์ จำกัด,BG00013661,บริษัท สีไทยกันไซเพ้นท์ จำกัด,SG00000039,MS. KULASAB,8000149824,10
IR,RB15959651,10,24-01-19,ENFC20100-DR000200,ALMATEX C201,800.000,KG,1000178592,10,ZGOR,WK1901-00317,Z120,BG00013090,บริษัท สีไทยกันไซเพ้นท์ จำกัด,BG00013090,บริษัท สีไทยกันไซเพ้นท์ จำกัด,BG00013090,บริษัท สีไทยกันไซเพ้นท์ จำกัด,BG00013090,บริษัท สีไทยกันไซเพ้นท์ จำกัด,SG00000039,MS. KULASAB,8000149971,10
IR,RB15959651,20,24-01-19,ENJQ17090-DR000200,OLESTER Q1709,200.000,KG,1000178592,20,ZGOR,WK1901-00317,Z120,BG00013090,บริษัท สีไทยกันไซเพ้นท์ จำกัด,BG00013090,บริษัท สีไทยกันไซเพ้นท์ จำกัด,BG00013090,บริษัท สีไทยกันไซเพ้นท์ จำกัด,BG00013090,บริษัท สีไทยกันไซเพ้นท์ จำกัด,SG00000039,MS. KULASAB,8000149971,20
IR,RB15959651,30,24-01-19,ENJQM743B-DR000200,OLESTER QM743BT,600.000,KG,1000178592,30,ZGOR,WK1901-00317,Z120,BG00013090,บริษัท สีไทยกันไซเพ้นท์ จำกัด,BG00013090,บริษัท สีไทยกันไซเพ้นท์ จำกัด,BG00013090,บริษัท สีไทยกันไซเพ้นท์ จำกัด,BG00013090,บริษัท สีไทยกันไซเพ้นท์ จำกัด,SG00000039,MS. KULASAB,8000149971,30
IR,RB15959692,10,25-01-19,ENR20SE65-DR000200,U-VAN 20SE65,800.000,KG,1000178786,10,ZGOR,RWK1901-00125,Z120,BG00013306,บริษัท สีไทยกันไซเพ้นท์ จำกัด,BG00013306,บริษัท สีไทยกันไซเพ้นท์ จำกัด,BG00013306,บริษัท สีไทยกันไซเพ้นท์ จำกัด,BG00013306,บริษัท สีไทยกันไซเพ้นท์ จำกัด,SG00000039,MS. KULASAB,8000150063,10
IR,RB15959692,20,25-01-19,ENR225000-DR000200,U-VAN 225,"1,200.000",KG,1000178786,20,ZGOR,RWK1901-00125,Z120,BG00013306,บริษัท สีไทยกันไซเพ้นท์ จำกัด,BG00013306,บริษัท สีไทยกันไซเพ้นท์ จำกัด,BG00013306,บริษัท สีไทยกันไซเพ้นท์ จำกัด,BG00013306,บริษัท สีไทยกันไซเพ้นท์ จำกัด,SG00000039,MS. KULASAB,8000150063,20
IR,RB15959692,30,25-01-19,ENR286000-DR000200,U-VAN 28-60,"2,000.000",KG,1000178786,30,ZGOR,RWK1901-00125,Z120,BG00013306,บริษัท สีไทยกันไซเพ้นท์ จำกัด,BG00013306,บริษัท สีไทยกันไซเพ้นท์ จำกัด,BG00013306,บริษัท สีไทยกันไซเพ้นท์ จำกัด,BG00013306,บริษัท สีไทยกันไซเพ้นท์ จำกัด,SG00000039,MS. KULASAB,8000150063,30
IR,RB15959692,60,25-01-19,ENRMB20T0-DR000200,U-VAN MB20T,400.000,KG,1000178786,60,ZGOR,RWK1901-00125,Z120,BG00013306,บริษัท สีไทยกันไซเพ้นท์ จำกัด,BG00013306,บริษัท สีไทยกันไซเพ้นท์ จำกัด,BG00013306,บริษัท สีไทยกันไซเพ้นท์ จำกัด,BG00013306,บริษัท สีไทยกันไซเพ้นท์ จำกัด,SG00000039,MS. KULASAB,8000150063,40
IR,RB15959697,10,25-01-19,ENJQC418H-DR000200,OLESTER QC418HT,"1,800.000",KG,1000178757,10,ZGOR,GWK1901-00045,Z120,BG00013661,บริษัท สีไทยกันไซเพ้นท์ จำกัด,BG00013661,บริษัท สีไทยกันไซเพ้นท์ จำกัด,BG00013661,บริษัท สีไทยกันไซเพ้นท์ จำกัด,BG00013661,บริษัท สีไทยกันไซเพ้นท์ จำกัด,SG00000039,MS. KULASAB,8000150046,10
IR,RB15959744,20,25-01-19,ENRMB30T0-DR000200,U-VAN MB30T,"2,000.000",KG,1000177677,20,ZGOR,GWK1901-00027,Z120,BG00013661,บริษัท สีไทยกันไซเพ้นท์ จำกัด,BG00013661,บริษัท สีไทยกันไซเพ้นท์ จำกัด,BG00013661,บริษัท สีไทยกันไซเพ้นท์ จำกัด,BG00013661,บริษัท สีไทยกันไซเพ้นท์ จำกัด,SG00000039,MS. KULASAB,8000150053,10
IR,RB15959745,30,25-01-19,ENRMB30T0-DR000200,U-VAN MB30T,600.000,KG,1000175867,30,ZGOR,GWK1812-00069,Z120,BG00013661,บริษัท สีไทยกันไซเพ้นท์ จำกัด,BG00013661,บริษัท สีไทยกันไซเพ้นท์ จำกัด,BG00013661,บริษัท สีไทยกันไซเพ้นท์ จำกัด,BG00013661,บริษัท สีไทยกันไซเพ้นท์ จำกัด,SG00000039,MS. KULASAB,8000150057,10
IR,RB15959755,10,28-01-19,ENJQC418H-DR000200,OLESTER QC418HT,600.000,KG,1000178983,10,ZGOR,WK1901-00364,Z120,BG00013090,บริษัท สีไทยกันไซเพ้นท์ จำกัด,BG00013090,บริษัท สีไทยกันไซเพ้นท์ จำกัด,BG00013090,บริษัท สีไทยกันไซเพ้นท์ จำกัด,BG00013090,บริษัท สีไทยกันไซเพ้นท์ จำกัด,SG00000039,MS. KULASAB,8000150245,10
IR,RB15959755,20,28-01-19,ENJQM743B-DR000200,OLESTER QM743BT,400.000,KG,1000178983,20,ZGOR,WK1901-00364,Z120,BG00013090,บริษัท สีไทยกันไซเพ้นท์ จำกัด,BG00013090,บริษัท สีไทยกันไซเพ้นท์ จำกัด,BG00013090,บริษัท สีไทยกันไซเพ้นท์ จำกัด,BG00013090,บริษัท สีไทยกันไซเพ้นท์ จำกัด,SG00000039,MS. KULASAB,8000150245,20
IR,RB15959792,10,29-01-19,ENR20SE65-DR000200,U-VAN 20SE65,800.000,KG,1000179037,10,ZGOR,WK1901-00368,Z120,BG00013090,บริษัท สีไทยกันไซเพ้นท์ จำกัด,BG00013090,บริษัท สีไทยกันไซเพ้นท์ จำกัด,BG00013090,บริษัท สีไทยกันไซเพ้นท์ จำกัด,BG00013090,บริษัท สีไทยกันไซเพ้นท์ จำกัด,SG00000039,MS. KULASAB,8000150310,10
IR,RB15959793,10,29-01-19,ENR225000-DR000200,U-VAN 225,200.000,KG,1000179036,10,ZGOR,WK1901-00367,Z120,BG00013090,บริษัท สีไทยกันไซเพ้นท์ จำกัด,BG00013090,บริษัท สีไทยกันไซเพ้นท์ จำกัด,BG00013090,บริษัท สีไทยกันไซเพ้นท์ จำกัด,BG00013090,บริษัท สีไทยกันไซเพ้นท์ จำกัด,SG00000039,MS. KULASAB,8000150309,10
IR,RB15959794,30,29-01-19,ENGAL9009-DR000100,ALMATEX-A-9009,300.000,KG,1000178983,30,ZGOR,WK1901-00364,Z120,BG00013090,บริษัท สีไทยกันไซเพ้นท์ จำกัด,BG00013090,บริษัท สีไทยกันไซเพ้นท์ จำกัด,BG00013090,บริษัท สีไทยกันไซเพ้นท์ จำกัด,BG00013090,บริษัท สีไทยกันไซเพ้นท์ จำกัด,SG00000039,MS. KULASAB,8000150360,10
IR,RB15959901,10,01-02-19,ENR48B000-DR000200,U-VAN 48B,"4,000.000",KG,1000179253,10,ZGOR,GWK1901-00059,Z120,BG00013661,บริษัท สีไทยกันไซเพ้นท์ จำกัด,BG00013661,บริษัท สีไทยกันไซเพ้นท์ จำกัด,BG00013661,บริษัท สีไทยกันไซเพ้นท์ จำกัด,BG00013661,บริษัท สีไทยกันไซเพ้นท์ จำกัด,SG00000039,MS. KULASAB,8000150540,10
IR,RB15959901,20,01-02-19,ENJQ17090-DR000200,OLESTER Q1709,"1,000.000",KG,1000179253,20,ZGOR,GWK1901-00059,Z120,BG00013661,บริษัท สีไทยกันไซเพ้นท์ จำกัด,BG00013661,บริษัท สีไทยกันไซเพ้นท์ จำกัด,BG00013661,บริษัท สีไทยกันไซเพ้นท์ จำกัด,BG00013661,บริษัท สีไทยกันไซเพ้นท์ จำกัด,SG00000039,MS. KULASAB,8000150540,20
IR,RB15960080,10,06-02-19,ENR20SE65-DR000200,U-VAN 20SE65,"1,000.000",KG,1000179254,10,ZGOR,GWK1901-00060,Z120,BG00013661,บริษัท สีไทยกันไซเพ้นท์ จำกัด,BG00013661,บริษัท สีไทยกันไซเพ้นท์ จำกัด,BG00013661,บริษัท สีไทยกันไซเพ้นท์ จำกัด,BG00013661,บริษัท สีไทยกันไซเพ้นท์ จำกัด,SG00000039,MS. KULASAB,8000150956,10
IR,RB15960080,20,06-02-19,ENRMB30T0-DR000200,U-VAN MB30T,"4,000.000",KG,1000179254,20,ZGOR,GWK1901-00060,Z120,BG00013661,บริษัท สีไทยกันไซเพ้นท์ จำกัด,BG00013661,บริษัท สีไทยกันไซเพ้นท์ จำกัด,BG00013661,บริษัท สีไทยกันไซเพ้นท์ จำกัด,BG00013661,บริษัท สีไทยกันไซเพ้นท์ จำกัด,SG00000039,MS. KULASAB,8000150956,20
IR,RB15960148,10,07-02-19,ENR286000-DR000200,U-VAN 28-60,"1,000.000",KG,1000179255,10,ZGOR,GWK1901-00061,Z120,BG00013661,บริษัท สีไทยกันไซเพ้นท์ จำกัด,BG00013661,บริษัท สีไทยกันไซเพ้นท์ จำกัด,BG00013661,บริษัท สีไทยกันไซเพ้นท์ จำกัด,BG00013661,บริษัท สีไทยกันไซเพ้นท์ จำกัด,SG00000039,MS. KULASAB,8000151019,10
IR,RB15960148,20,07-02-19,ENR925T70-DR000200,U-VAN 925T-70,"1,000.000",KG,1000179255,20,ZGOR,GWK1901-00061,Z120,BG00013661,บริษัท สีไทยกันไซเพ้นท์ จำกัด,BG00013661,บริษัท สีไทยกันไซเพ้นท์ จำกัด,BG00013661,บริษัท สีไทยกันไซเพ้นท์ จำกัด,BG00013661,บริษัท สีไทยกันไซเพ้นท์ จำกัด,SG00000039,MS. KULASAB,8000151019,20
IR,RB15960148,30,07-02-19,ENFKH210T-DR000200,ALMATEX KH210(T),600.000,KG,1000179255,30,ZGOR,GWK1901-00061,Z120,BG00013661,บริษัท สีไทยกันไซเพ้นท์ จำกัด,BG00013661,บริษัท สีไทยกันไซเพ้นท์ จำกัด,BG00013661,บริษัท สีไทยกันไซเพ้นท์ จำกัด,BG00013661,บริษัท สีไทยกันไซเพ้นท์ จำกัด,SG00000039,MS. KULASAB,8000151019,30
IR,RB15960148,40,07-02-19,ENFKH113T-DR000200,ALMATEX KH113(T),600.000,KG,1000179255,40,ZGOR,GWK1901-00061,Z120,BG00013661,บริษัท สีไทยกันไซเพ้นท์ จำกัด,BG00013661,บริษัท สีไทยกันไซเพ้นท์ จำกัด,BG00013661,บริษัท สีไทยกันไซเพ้นท์ จำกัด,BG00013661,บริษัท สีไทยกันไซเพ้นท์ จำกัด,SG00000039,MS. KULASAB,8000151019,40
IR,RB15960148,50,07-02-19,ENJQ17090-DR000200,OLESTER Q1709,"2,000.000",KG,1000179255,50,ZGOR,GWK1901-00061,Z120,BG00013661,บริษัท สีไทยกันไซเพ้นท์ จำกัด,BG00013661,บริษัท สีไทยกันไซเพ้นท์ จำกัด,BG00013661,บริษัท สีไทยกันไซเพ้นท์ จำกัด,BG00013661,บริษัท สีไทยกันไซเพ้นท์ จำกัด,SG00000039,MS. KULASAB,8000151019,50
IR,RB15960149,10,07-02-19,ENR286000-DR000200,U-VAN 28-60,"2,000.000",KG,1000179230,10,ZGOR,RWK1901-00153,Z120,BG00013306,บริษัท สีไทยกันไซเพ้นท์ จำกัด,BG00013306,บริษัท สีไทยกันไซเพ้นท์ จำกัด,BG00013306,บริษัท สีไทยกันไซเพ้นท์ จำกัด,BG00013306,บริษัท สีไทยกันไซเพ้นท์ จำกัด,SG00000039,MS. KULASAB,8000151040,10
IR,RB15960150,10,07-02-19,ENR925T70-DR000200,U-VAN 925T-70,"1,000.000",KG,1000179256,10,ZGOR,GWK1901-00062,Z120,BG00013661,บริษัท สีไทยกันไซเพ้นท์ จำกัด,BG00013661,บริษัท สีไทยกันไซเพ้นท์ จำกัด,BG00013661,บริษัท สีไทยกันไซเพ้นท์ จำกัด,BG00013661,บริษัท สีไทยกันไซเพ้นท์ จำกัด,SG00000039,MS. KULASAB,8000151046,10
IR,RB15960190,10,08-02-19,ENR925T70-DR000200,U-VAN 925T-70,"2,000.000",KG,1000179350,10,ZGOR,WK1901-00418,Z120,BG00013090,บริษัท สีไทยกันไซเพ้นท์ จำกัด,BG00013090,บริษัท สีไทยกันไซเพ้นท์ จำกัด,BG00013090,บริษัท สีไทยกันไซเพ้นท์ จำกัด,BG00013090,บริษัท สีไทยกันไซเพ้นท์ จำกัด,SG00000039,MS. KULASAB,8000151115,10
IR,RB15960190,30,08-02-19,ENGAL9009-DR000100,ALMATEX-A-9009,100.000,KG,1000179350,30,ZGOR,WK1901-00418,Z120,BG00013090,บริษัท สีไทยกันไซเพ้นท์ จำกัด,BG00013090,บริษัท สีไทยกันไซเพ้นท์ จำกัด,BG00013090,บริษัท สีไทยกันไซเพ้นท์ จำกัด,BG00013090,บริษัท สีไทยกันไซเพ้นท์ จำกัด,SG00000039,MS. KULASAB,8000151115,20
IR,RB15960193,10,08-02-19,ENR20SE65-DR000200,U-VAN 20SE65,"1,000.000",KG,1000179988,10,ZGOR,RWK1902-00081,Z120,BG00013306,บริษัท สีไทยกันไซเพ้นท์ จำกัด,BG00013306,บริษัท สีไทยกันไซเพ้นท์ จำกัด,BG00013306,บริษัท สีไทยกันไซเพ้นท์ จำกัด,BG00013306,บริษัท สีไทยกันไซเพ้นท์ จำกัด,SG00000039,MS. KULASAB,8000151138,10
IR,RB15960193,30,08-02-19,ENR48B000-DR000200,U-VAN 48B,"1,200.000",KG,1000179988,30,ZGOR,RWK1902-00081,Z120,BG00013306,บริษัท สีไทยกันไซเพ้นท์ จำกัด,BG00013306,บริษัท สีไทยกันไซเพ้นท์ จำกัด,BG00013306,บริษัท สีไทยกันไซเพ้นท์ จำกัด,BG00013306,บริษัท สีไทยกันไซเพ้นท์ จำกัด,SG00000039,MS. KULASAB,8000151138,20
IR,RB15960193,50,08-02-19,ENFB303T0-DR000200,ALMATEX B303T,"1,000.000",KG,1000179988,50,ZGOR,RWK1902-00081,Z120,BG00013306,บริษัท สีไทยกันไซเพ้นท์ จำกัด,BG00013306,บริษัท สีไทยกันไซเพ้นท์ จำกัด,BG00013306,บริษัท สีไทยกันไซเพ้นท์ จำกัด,BG00013306,บริษัท สีไทยกันไซเพ้นท์ จำกัด,SG00000039,MS. KULASAB,8000151138,30
IR,RB15960298,10,12-02-19,ENR62E000-DR000200,U-VAN 62E,800.000,KG,1000180110,10,ZGOR,WK1902-00117,Z120,BG00013090,บริษัท สีไทยกันไซเพ้นท์ จำกัด,BG00013090,บริษัท สีไทยกันไซเพ้นท์ จำกัด,BG00013090,บริษัท สีไทยกันไซเพ้นท์ จำกัด,BG00013090,บริษัท สีไทยกันไซเพ้นท์ จำกัด,SG00000039,MS. KULASAB,8000151313,10
IR,RB15960299,20,12-02-19,ENJQC418H-DR000200,OLESTER QC418HT,"2,400.000",KG,1000179350,20,ZGOR,WK1901-00418,Z120,BG00013090,บริษัท สีไทยกันไซเพ้นท์ จำกัด,BG00013090,บริษัท สีไทยกันไซเพ้นท์ จำกัด,BG00013090,บริษัท สีไทยกันไซเพ้นท์ จำกัด,BG00013090,บริษัท สีไทยกันไซเพ้นท์ จำกัด,SG00000039,MS. KULASAB,8000151359,10
IR,RB15960300,40,12-02-19,ENJQC418H-DR000200,OLESTER QC418HT,"1,000.000",KG,1000178983,40,ZGOR,WK1901-00364,Z120,BG00013090,บริษัท สีไทยกันไซเพ้นท์ จำกัด,BG00013090,บริษัท สีไทยกันไซเพ้นท์ จำกัด,BG00013090,บริษัท สีไทยกันไซเพ้นท์ จำกัด,BG00013090,บริษัท สีไทยกันไซเพ้นท์ จำกัด,SG00000039,MS. KULASAB,8000151364,10
IR,RB15960301,20,12-02-19,ENJQC418H-DR000200,OLESTER QC418HT,200.000,KG,1000178757,20,ZGOR,GWK1901-00045,Z120,BG00013661,บริษัท สีไทยกันไซเพ้นท์ จำกัด,BG00013661,บริษัท สีไทยกันไซเพ้นท์ จำกัด,BG00013661,บริษัท สีไทยกันไซเพ้นท์ จำกัด,BG00013661,บริษัท สีไทยกันไซเพ้นท์ จำกัด,SG00000039,MS. KULASAB,8000151366,10
IR,RB15960334,20,12-02-19,ENRMB20T0-DR000200,U-VAN MB20T,"2,000.000",KG,1000179256,20,ZGOR,GWK1901-00062,Z120,BG00013661,บริษัท สีไทยกันไซเพ้นท์ จำกัด,BG00013661,บริษัท สีไทยกันไซเพ้นท์ จำกัด,BG00013661,บริษัท สีไทยกันไซเพ้นท์ จำกัด,BG00013661,บริษัท สีไทยกันไซเพ้นท์ จำกัด,SG00000039,MS. KULASAB,8000151323,10
IR,RB15960335,70,12-02-19,ENRMB20T0-DR000200,U-VAN MB20T,"1,600.000",KG,1000178786,70,ZGOR,RWK1901-00125,Z120,BG00013306,บริษัท สีไทยกันไซเพ้นท์ จำกัด,BG00013306,บริษัท สีไทยกันไซเพ้นท์ จำกัด,BG00013306,บริษัท สีไทยกันไซเพ้นท์ จำกัด,BG00013306,บริษัท สีไทยกันไซเพ้นท์ จำกัด,SG00000039,MS. KULASAB,8000151396,10
IR,RB15960339,10,12-02-19,ENRMB20T0-DR000200,U-VAN MB20T,"1,000.000",KG,1000179989,10,ZGOR,RWK1902-00082,Z120,BG00013306,บริษัท สีไทยกันไซเพ้นท์ จำกัด,BG00013306,บริษัท สีไทยกันไซเพ้นท์ จำกัด,BG00013306,บริษัท สีไทยกันไซเพ้นท์ จำกัด,BG00013306,บริษัท สีไทยกันไซเพ้นท์ จำกัด,SG00000039,MS. KULASAB,8000151397,10
IR,RB15960361,30,13-02-19,ENR925T70-DR000200,U-VAN 925T-70,"2,000.000",KG,1000179256,30,ZGOR,GWK1901-00062,Z120,BG00013661,บริษัท สีไทยกันไซเพ้นท์ จำกัด,BG00013661,บริษัท สีไทยกันไซเพ้นท์ จำกัด,BG00013661,บริษัท สีไทยกันไซเพ้นท์ จำกัด,BG00013661,บริษัท สีไทยกันไซเพ้นท์ จำกัด,SG00000039,MS. KULASAB,8000151486,10
IR,RB15960362,40,13-02-19,ENR925T70-DR000200,U-VAN 925T-70,"1,000.000",KG,1000179988,40,ZGOR,RWK1902-00081,Z120,BG00013306,บริษัท สีไทยกันไซเพ้นท์ จำกัด,BG00013306,บริษัท สีไทยกันไซเพ้นท์ จำกัด,BG00013306,บริษัท สีไทยกันไซเพ้นท์ จำกัด,BG00013306,บริษัท สีไทยกันไซเพ้นท์ จำกัด,SG00000039,MS. KULASAB,8000151444,10
IR,RB15960400,10,14-02-19,ENR225000-DR000200,U-VAN 225,"1,000.000",KG,1000180387,10,ZGOR,RWK1902-00105,Z120,BG00013306,บริษัท สีไทยกันไซเพ้นท์ จำกัด,BG00013306,บริษัท สีไทยกันไซเพ้นท์ จำกัด,BG00013306,บริษัท สีไทยกันไซเพ้นท์ จำกัด,BG00013306,บริษัท สีไทยกันไซเพ้นท์ จำกัด,SG00000039,MS. KULASAB,8000151533,10
IR,RB15960400,20,14-02-19,ENRMB20T0-DR000200,U-VAN MB20T,"1,000.000",KG,1000180387,20,ZGOR,RWK1902-00105,Z120,BG00013306,บริษัท สีไทยกันไซเพ้นท์ จำกัด,BG00013306,บริษัท สีไทยกันไซเพ้นท์ จำกัด,BG00013306,บริษัท สีไทยกันไซเพ้นท์ จำกัด,BG00013306,บริษัท สีไทยกันไซเพ้นท์ จำกัด,SG00000039,MS. KULASAB,8000151533,20
IR,RB15960424,10,14-02-19,ENRMB20T0-DR000200,U-VAN MB20T,"1,200.000",KG,1000180490,10,ZGOR,GWK1902-00066,Z120,BG00013661,บริษัท สีไทยกันไซเพ้นท์ จำกัด,BG00013661,บริษัท สีไทยกันไซเพ้นท์ จำกัด,BG00013661,บริษัท สีไทยกันไซเพ้นท์ จำกัด,BG00013661,บริษัท สีไทยกันไซเพ้นท์ จำกัด,SG00000039,MS. KULASAB,8000151628,10
IR,RB15960424,20,14-02-19,ENRMB30T0-DR000200,U-VAN MB30T,600.000,KG,1000180490,20,ZGOR,GWK1902-00066,Z120,BG00013661,บริษัท สีไทยกันไซเพ้นท์ จำกัด,BG00013661,บริษัท สีไทยกันไซเพ้นท์ จำกัด,BG00013661,บริษัท สีไทยกันไซเพ้นท์ จำกัด,BG00013661,บริษัท สีไทยกันไซเพ้นท์ จำกัด,SG00000039,MS. KULASAB,8000151628,20
IR,RB15960439,10,15-02-19,ENR925T70-DR000200,U-VAN 925T-70,"1,600.000",KG,1000180502,10,ZGOR,WK1902-00151,Z120,BG00013090,บริษัท สีไทยกันไซเพ้นท์ จำกัด,BG00013090,บริษัท สีไทยกันไซเพ้นท์ จำกัด,BG00013090,บริษัท สีไทยกันไซเพ้นท์ จำกัด,BG00013090,บริษัท สีไทยกันไซเพ้นท์ จำกัด,SG00000039,MS. KULASAB,8000151631,10
IR,RB15960439,20,15-02-19,ENFC20100-DR000200,ALMATEX C201,800.000,KG,1000180502,20,ZGOR,WK1902-00151,Z120,BG00013090,บริษัท สีไทยกันไซเพ้นท์ จำกัด,BG00013090,บริษัท สีไทยกันไซเพ้นท์ จำกัด,BG00013090,บริษัท สีไทยกันไซเพ้นท์ จำกัด,BG00013090,บริษัท สีไทยกันไซเพ้นท์ จำกัด,SG00000039,MS. KULASAB,8000151631,20
IR,RB15960455,10,15-02-19,ENR48B000-DR000200,U-VAN 48B,"4,000.000",KG,1000180494,10,ZGOR,GWK1902-00067,Z120,BG00013661,บริษัท สีไทยกันไซเพ้นท์ จำกัด,BG00013661,บริษัท สีไทยกันไซเพ้นท์ จำกัด,BG00013661,บริษัท สีไทยกันไซเพ้นท์ จำกัด,BG00013661,บริษัท สีไทยกันไซเพ้นท์ จำกัด,SG00000039,MS. KULASAB,8000151719,10
IR,RB15960455,20,15-02-19,ENR925T70-DR000200,U-VAN 925T-70,"2,000.000",KG,1000180494,20,ZGOR,GWK1902-00067,Z120,BG00013661,บริษัท สีไทยกันไซเพ้นท์ จำกัด,BG00013661,บริษัท สีไทยกันไซเพ้นท์ จำกัด,BG00013661,บริษัท สีไทยกันไซเพ้นท์ จำกัด,BG00013661,บริษัท สีไทยกันไซเพ้นท์ จำกัด,SG00000039,MS. KULASAB,8000151719,20
IR,RB15960455,30,15-02-19,ENJQC418H-DR000200,OLESTER QC418HT,"1,000.000",KG,1000180494,30,ZGOR,GWK1902-00067,Z120,BG00013661,บริษัท สีไทยกันไซเพ้นท์ จำกัด,BG00013661,บริษัท สีไทยกันไซเพ้นท์ จำกัด,BG00013661,บริษัท สีไทยกันไซเพ้นท์ จำกัด,BG00013661,บริษัท สีไทยกันไซเพ้นท์ จำกัด,SG00000039,MS. KULASAB,8000151719,30
IR,RB15960528,20,18-02-19,ENR20SE65-DR000200,U-VAN 20SE65,"1,000.000",KG,1000179988,20,ZGOR,RWK1902-00081,Z120,BG00013306,บริษัท สีไทยกันไซเพ้นท์ จำกัด,BG00013306,บริษัท สีไทยกันไซเพ้นท์ จำกัด,BG00013306,บริษัท สีไทยกันไซเพ้นท์ จำกัด,BG00013306,บริษัท สีไทยกันไซเพ้นท์ จำกัด,SG00000039,MS. KULASAB,8000151831,10
IR,RB15960547,10,20-02-19,ENJQC418H-DR000200,OLESTER QC418HT,"1,400.000",KG,1000180799,10,ZGOR,WK1902-00176,Z120,BG00013090,บริษัท สีไทยกันไซเพ้นท์ จำกัด,BG00013090,บริษัท สีไทยกันไซเพ้นท์ จำกัด,BG00013090,บริษัท สีไทยกันไซเพ้นท์ จำกัด,BG00013090,บริษัท สีไทยกันไซเพ้นท์ จำกัด,SG00000039,MS. KULASAB,8000151922,10
IR,RB15960547,20,20-02-19,ENJQM743B-DR000200,OLESTER QM743BT,400.000,KG,1000180799,20,ZGOR,WK1902-00176,Z120,BG00013090,บริษัท สีไทยกันไซเพ้นท์ จำกัด,BG00013090,บริษัท สีไทยกันไซเพ้นท์ จำกัด,BG00013090,บริษัท สีไทยกันไซเพ้นท์ จำกัด,BG00013090,บริษัท สีไทยกันไซเพ้นท์ จำกัด,SG00000039,MS. KULASAB,8000151922,20
IR,RB15960547,30,20-02-19,ENR225000-DR000200,U-VAN 225,200.000,KG,1000180799,30,ZGOR,WK1902-00176,Z120,BG00013090,บริษัท สีไทยกันไซเพ้นท์ จำกัด,BG00013090,บริษัท สีไทยกันไซเพ้นท์ จำกัด,BG00013090,บริษัท สีไทยกันไซเพ้นท์ จำกัด,BG00013090,บริษัท สีไทยกันไซเพ้นท์ จำกัด,SG00000039,MS. KULASAB,8000151922,30
IR,RB15960547,40,20-02-19,ENR286000-DR000200,U-VAN 28-60,200.000,KG,1000180799,40,ZGOR,WK1902-00176,Z120,BG00013090,บริษัท สีไทยกันไซเพ้นท์ จำกัด,BG00013090,บริษัท สีไทยกันไซเพ้นท์ จำกัด,BG00013090,บริษัท สีไทยกันไซเพ้นท์ จำกัด,BG00013090,บริษัท สีไทยกันไซเพ้นท์ จำกัด,SG00000039,MS. KULASAB,8000151922,40
IR,RB15960548,10,20-02-19,ENR20SE65-DR000200,U-VAN 20SE65,"1,600.000",KG,1000180504,10,ZGOR,WK1902-00152,Z120,BG00013090,บริษัท สีไทยกันไซเพ้นท์ จำกัด,BG00013090,บริษัท สีไทยกันไซเพ้นท์ จำกัด,BG00013090,บริษัท สีไทยกันไซเพ้นท์ จำกัด,BG00013090,บริษัท สีไทยกันไซเพ้นท์ จำกัด,SG00000039,MS. KULASAB,8000151899,10
IR,RB15960600,10,21-02-19,ENR20SE65-DR000200,U-VAN 20SE65,"1,000.000",KG,1000180388,10,ZGOR,RWK1902-00106,Z120,BG00013306,บริษัท สีไทยกันไซเพ้นท์ จำกัด,BG00013306,บริษัท สีไทยกันไซเพ้นท์ จำกัด,BG00013306,บริษัท สีไทยกันไซเพ้นท์ จำกัด,BG00013306,บริษัท สีไทยกันไซเพ้นท์ จำกัด,SG00000039,MS. KULASAB,8000152184,10
IR,RB15960600,20,21-02-19,ENR286000-DR000200,U-VAN 28-60,"2,000.000",KG,1000180388,20,ZGOR,RWK1902-00106,Z120,BG00013306,บริษัท สีไทยกันไซเพ้นท์ จำกัด,BG00013306,บริษัท สีไทยกันไซเพ้นท์ จำกัด,BG00013306,บริษัท สีไทยกันไซเพ้นท์ จำกัด,BG00013306,บริษัท สีไทยกันไซเพ้นท์ จำกัด,SG00000039,MS. KULASAB,8000152184,20
IR,RB15960600,30,21-02-19,ENR925T70-DR000200,U-VAN 925T-70,"2,200.000",KG,1000180388,30,ZGOR,RWK1902-00106,Z120,BG00013306,บริษัท สีไทยกันไซเพ้นท์ จำกัด,BG00013306,บริษัท สีไทยกันไซเพ้นท์ จำกัด,BG00013306,บริษัท สีไทยกันไซเพ้นท์ จำกัด,BG00013306,บริษัท สีไทยกันไซเพ้นท์ จำกัด,SG00000039,MS. KULASAB,8000152184,30
IR,RB15960600,40,21-02-19,ENFB303T0-DR000200,ALMATEX B303T,"2,000.000",KG,1000180388,40,ZGOR,RWK1902-00106,Z120,BG00013306,บริษัท สีไทยกันไซเพ้นท์ จำกัด,BG00013306,บริษัท สีไทยกันไซเพ้นท์ จำกัด,BG00013306,บริษัท สีไทยกันไซเพ้นท์ จำกัด,BG00013306,บริษัท สีไทยกันไซเพ้นท์ จำกัด,SG00000039,MS. KULASAB,8000152184,40
IR,RB15960602,30,21-02-19,ENR225000-DR000200,U-VAN 225,"1,000.000",KG,1000180387,30,ZGOR,RWK1902-00105,Z120,BG00013306,บริษัท สีไทยกันไซเพ้นท์ จำกัด,BG00013306,บริษัท สีไทยกันไซเพ้นท์ จำกัด,BG00013306,บริษัท สีไทยกันไซเพ้นท์ จำกัด,BG00013306,บริษัท สีไทยกันไซเพ้นท์ จำกัด,SG00000039,MS. KULASAB,8000152216,10
IR,RB15960645,10,22-02-19,ENR225000-DR000200,U-VAN 225,200.000,KG,1000181388,10,ZGOR,WK1902-00246,Z120,BG00013090,บริษัท สีไทยกันไซเพ้นท์ จำกัด,BG00013090,บริษัท สีไทยกันไซเพ้นท์ จำกัด,BG00013090,บริษัท สีไทยกันไซเพ้นท์ จำกัด,BG00013090,บริษัท สีไทยกันไซเพ้นท์ จำกัด,SG00000039,MS. KULASAB,8000152314,10
IR,RB15960645,20,22-02-19,ENFC20100-DR000200,ALMATEX C201,400.000,KG,1000181388,20,ZGOR,WK1902-00246,Z120,BG00013090,บริษัท สีไทยกันไซเพ้นท์ จำกัด,BG00013090,บริษัท สีไทยกันไซเพ้นท์ จำกัด,BG00013090,บริษัท สีไทยกันไซเพ้นท์ จำกัด,BG00013090,บริษัท สีไทยกันไซเพ้นท์ จำกัด,SG00000039,MS. KULASAB,8000152314,20
IR,RB15960645,30,22-02-19,ENFL20580-DR000200,ALMATEX L2058,400.000,KG,1000181388,30,ZGOR,WK1902-00246,Z120,BG00013090,บริษัท สีไทยกันไซเพ้นท์ จำกัด,BG00013090,บริษัท สีไทยกันไซเพ้นท์ จำกัด,BG00013090,บริษัท สีไทยกันไซเพ้นท์ จำกัด,BG00013090,บริษัท สีไทยกันไซเพ้นท์ จำกัด,SG00000039,MS. KULASAB,8000152314,30
IR,RB15960656,30,22-02-19,ENRMB30T0-DR000200,U-VAN MB30T,"5,400.000",KG,1000180490,30,ZGOR,GWK1902-00066,Z120,BG00013661,บริษัท สีไทยกันไซเพ้นท์ จำกัด,BG00013661,บริษัท สีไทยกันไซเพ้นท์ จำกัด,BG00013661,บริษัท สีไทยกันไซเพ้นท์ จำกัด,BG00013661,บริษัท สีไทยกันไซเพ้นท์ จำกัด,SG00000039,MS. KULASAB,8000152335,10
IR,RB15960735,10,26-02-19,ENR925T70-DR000200,U-VAN 925T-70,"1,000.000",KG,1000181643,10,ZGOR,RWK1902-00135,Z120,BG00013306,บริษัท สีไทยกันไซเพ้นท์ จำกัด,BG00013306,บริษัท สีไทยกันไซเพ้นท์ จำกัด,BG00013306,บริษัท สีไทยกันไซเพ้นท์ จำกัด,BG00013306,บริษัท สีไทยกันไซเพ้นท์ จำกัด,SG00000039,MS. KULASAB,8000152513,10
IR,RB15960736,50,26-02-19,ENR925T70-DR000200,U-VAN 925T-70,800.000,KG,1000180388,50,ZGOR,RWK1902-00106,Z120,BG00013306,บริษัท สีไทยกันไซเพ้นท์ จำกัด,BG00013306,บริษัท สีไทยกันไซเพ้นท์ จำกัด,BG00013306,บริษัท สีไทยกันไซเพ้นท์ จำกัด,BG00013306,บริษัท สีไทยกันไซเพ้นท์ จำกัด,SG00000039,MS. KULASAB,8000152514,10
IR,RB15960795,10,27-02-19,ENJQB5100-DR000200,OLESTER QB510,200.000,KG,1000181792,10,ZGOR,WK1902-00295,Z120,BG00013090,บริษัท สีไทยกันไซเพ้นท์ จำกัด,BG00013090,บริษัท สีไทยกันไซเพ้นท์ จำกัด,BG00013090,บริษัท สีไทยกันไซเพ้นท์ จำกัด,BG00013090,บริษัท สีไทยกันไซเพ้นท์ จำกัด,SG00000039,MS. KULASAB,8000152633,10
IR,RB15960795,20,27-02-19,ENFL20580-DR000200,ALMATEX L2058,400.000,KG,1000181792,20,ZGOR,WK1902-00295,Z120,BG00013090,บริษัท สีไทยกันไซเพ้นท์ จำกัด,BG00013090,บริษัท สีไทยกันไซเพ้นท์ จำกัด,BG00013090,บริษัท สีไทยกันไซเพ้นท์ จำกัด,BG00013090,บริษัท สีไทยกันไซเพ้นท์ จำกัด,SG00000039,MS. KULASAB,8000152633,20
IR,RB15960795,30,27-02-19,ENJQM743B-DR000200,OLESTER QM743BT,400.000,KG,1000181792,30,ZGOR,WK1902-00295,Z120,BG00013090,บริษัท สีไทยกันไซเพ้นท์ จำกัด,BG00013090,บริษัท สีไทยกันไซเพ้นท์ จำกัด,BG00013090,บริษัท สีไทยกันไซเพ้นท์ จำกัด,BG00013090,บริษัท สีไทยกันไซเพ้นท์ จำกัด,SG00000039,MS. KULASAB,8000152633,30
IR,RB15960865,10,01-03-19,ENR925T70-DR000200,U-VAN 925T-70,800.000,KG,1000181840,10,ZGOR,WK1902-00331,Z120,BG00013090,บริษัท สีไทยกันไซเพ้นท์ จำกัด,BG00013090,บริษัท สีไทยกันไซเพ้นท์ จำกัด,BG00013090,บริษัท สีไทยกันไซเพ้นท์ จำกัด,BG00013090,บริษัท สีไทยกันไซเพ้นท์ จำกัด,SG00000039,MS. KULASAB,8000152967,10
IR,RB15960865,20,01-03-19,ENJQC418H-DR000200,OLESTER QC418HT,"1,200.000",KG,1000181840,20,ZGOR,WK1902-00331,Z120,BG00013090,บริษัท สีไทยกันไซเพ้นท์ จำกัด,BG00013090,บริษัท สีไทยกันไซเพ้นท์ จำกัด,BG00013090,บริษัท สีไทยกันไซเพ้นท์ จำกัด,BG00013090,บริษัท สีไทยกันไซเพ้นท์ จำกัด,SG00000039,MS. KULASAB,8000152967,20
IR,RB15960865,30,01-03-19,ENGAL9009-DR000100,ALMATEX-A-9009,600.000,KG,1000181840,30,ZGOR,WK1902-00331,Z120,BG00013090,บริษัท สีไทยกันไซเพ้นท์ จำกัด,BG00013090,บริษัท สีไทยกันไซเพ้นท์ จำกัด,BG00013090,บริษัท สีไทยกันไซเพ้นท์ จำกัด,BG00013090,บริษัท สีไทยกันไซเพ้นท์ จำกัด,SG00000039,MS. KULASAB,8000152967,30
IR,RB15960959,10,04-03-19,ENFC20100-DR000200,ALMATEX C201,"1,600.000",KG,1000182438,10,ZGOR,WK1903-00018,Z120,BG00013090,บริษัท สีไทยกันไซเพ้นท์ จำกัด,BG00013090,บริษัท สีไทยกันไซเพ้นท์ จำกัด,BG00013090,บริษัท สีไทยกันไซเพ้นท์ จำกัด,BG00013090,บริษัท สีไทยกันไซเพ้นท์ จำกัด,SG00000039,MS. KULASAB,8000153191,10
IR,RB15960959,20,04-03-19,ENFP64600-DR000200,ALMATEX P646,400.000,KG,1000182438,20,ZGOR,WK1903-00018,Z120,BG00013090,บริษัท สีไทยกันไซเพ้นท์ จำกัด,BG00013090,บริษัท สีไทยกันไซเพ้นท์ จำกัด,BG00013090,บริษัท สีไทยกันไซเพ้นท์ จำกัด,BG00013090,บริษัท สีไทยกันไซเพ้นท์ จำกัด,SG00000039,MS. KULASAB,8000153191,20
IR,RB15960960,10,04-03-19,ENR48B000-DR000200,U-VAN 48B,"4,000.000",KG,1000181931,10,ZGOR,GWK1902-00124,Z120,BG00013661,บริษัท สีไทยกันไซเพ้นท์ จำกัด,BG00013661,บริษัท สีไทยกันไซเพ้นท์ จำกัด,BG00013661,บริษัท สีไทยกันไซเพ้นท์ จำกัด,BG00013661,บริษัท สีไทยกันไซเพ้นท์ จำกัด,SG00000039,MS. KULASAB,8000153080,10
IR,RB15960960,20,04-03-19,ENR925T70-DR000200,U-VAN 925T-70,"4,000.000",KG,1000181931,20,ZGOR,GWK1902-00124,Z120,BG00013661,บริษัท สีไทยกันไซเพ้นท์ จำกัด,BG00013661,บริษัท สีไทยกันไซเพ้นท์ จำกัด,BG00013661,บริษัท สีไทยกันไซเพ้นท์ จำกัด,BG00013661,บริษัท สีไทยกันไซเพ้นท์ จำกัด,SG00000039,MS. KULASAB,8000153080,20
IR,RB15961005,20,05-03-19,ENRMB20T0-DR000200,U-VAN MB20T,"2,000.000",KG,1000181643,20,ZGOR,RWK1902-00135,Z120,BG00013306,บริษัท สีไทยกันไซเพ้นท์ จำกัด,BG00013306,บริษัท สีไทยกันไซเพ้นท์ จำกัด,BG00013306,บริษัท สีไทยกันไซเพ้นท์ จำกัด,BG00013306,บริษัท สีไทยกันไซเพ้นท์ จำกัด,SG00000039,MS. KULASAB,8000153234,10
IR,RB15961006,10,05-03-19,ENRMB20T0-DR000200,U-VAN MB20T,"2,000.000",KG,1000181932,10,ZGOR,GWK1902-00125,Z120,BG00013661,บริษัท สีไทยกันไซเพ้นท์ จำกัด,BG00013661,บริษัท สีไทยกันไซเพ้นท์ จำกัด,BG00013661,บริษัท สีไทยกันไซเพ้นท์ จำกัด,BG00013661,บริษัท สีไทยกันไซเพ้นท์ จำกัด,SG00000039,MS. KULASAB,8000153230,10
IR,RB15961006,20,05-03-19,ENRMB30T0-DR000200,U-VAN MB30T,"1,600.000",KG,1000181932,20,ZGOR,GWK1902-00125,Z120,BG00013661,บริษัท สีไทยกันไซเพ้นท์ จำกัด,BG00013661,บริษัท สีไทยกันไซเพ้นท์ จำกัด,BG00013661,บริษัท สีไทยกันไซเพ้นท์ จำกัด,BG00013661,บริษัท สีไทยกันไซเพ้นท์ จำกัด,SG00000039,MS. KULASAB,8000153230,20
IR,RB15961007,10,05-03-19,ENR20SE65-DR000200,U-VAN 20SE65,"1,000.000",KG,1000182171,10,ZGOR,RWK1902-00154,Z120,BG00013306,บริษัท สีไทยกันไซเพ้นท์ จำกัด,BG00013306,บริษัท สีไทยกันไซเพ้นท์ จำกัด,BG00013306,บริษัท สีไทยกันไซเพ้นท์ จำกัด,BG00013306,บริษัท สีไทยกันไซเพ้นท์ จำกัด,SG00000039,MS. KULASAB,8000153259,10
IR,RB15961007,40,05-03-19,ENR925T70-DR000200,U-VAN 925T-70,"1,000.000",KG,1000182171,40,ZGOR,RWK1902-00154,Z120,BG00013306,บริษัท สีไทยกันไซเพ้นท์ จำกัด,BG00013306,บริษัท สีไทยกันไซเพ้นท์ จำกัด,BG00013306,บริษัท สีไทยกันไซเพ้นท์ จำกัด,BG00013306,บริษัท สีไทยกันไซเพ้นท์ จำกัด,SG00000039,MS. KULASAB,8000153259,20
IR,RB15961007,50,05-03-19,ENFB303T0-DR000200,ALMATEX B303T,"1,000.000",KG,1000182171,50,ZGOR,RWK1902-00154,Z120,BG00013306,บริษัท สีไทยกันไซเพ้นท์ จำกัด,BG00013306,บริษัท สีไทยกันไซเพ้นท์ จำกัด,BG00013306,บริษัท สีไทยกันไซเพ้นท์ จำกัด,BG00013306,บริษัท สีไทยกันไซเพ้นท์ จำกัด,SG00000039,MS. KULASAB,8000153259,30
IR,RB15961008,40,05-03-19,ENRMB20T0-DR000200,U-VAN MB20T,800.000,KG,1000180490,40,ZGOR,GWK1902-00066,Z120,BG00013661,บริษัท สีไทยกันไซเพ้นท์ จำกัด,BG00013661,บริษัท สีไทยกันไซเพ้นท์ จำกัด,BG00013661,บริษัท สีไทยกันไซเพ้นท์ จำกัด,BG00013661,บริษัท สีไทยกันไซเพ้นท์ จำกัด,SG00000039,MS. KULASAB,8000153299,10
IR,RB15961065,10,06-03-19,ENR20SE65-DR000200,U-VAN 20SE65,"1,600.000",KG,1000182659,10,ZGOR,WK1903-00042,Z120,BG00013090,บริษัท สีไทยกันไซเพ้นท์ จำกัด,BG00013090,บริษัท สีไทยกันไซเพ้นท์ จำกัด,BG00013090,บริษัท สีไทยกันไซเพ้นท์ จำกัด,BG00013090,บริษัท สีไทยกันไซเพ้นท์ จำกัด,SG00000039,MS. KULASAB,8000153409,10
IR,RB15961065,20,06-03-19,ENF787000-DR000200,ALMATEX 787,600.000,KG,1000182659,20,ZGOR,WK1903-00042,Z120,BG00013090,บริษัท สีไทยกันไซเพ้นท์ จำกัด,BG00013090,บริษัท สีไทยกันไซเพ้นท์ จำกัด,BG00013090,บริษัท สีไทยกันไซเพ้นท์ จำกัด,BG00013090,บริษัท สีไทยกันไซเพ้นท์ จำกัด,SG00000039,MS. KULASAB,8000153409,20
IR,RB15961112,10,07-03-19,ENR20SE65-DR000200,U-VAN 20SE65,"1,000.000",KG,1000181956,10,ZGOR,GWK1902-00126,Z120,BG00013661,บริษัท สีไทยกันไซเพ้นท์ จำกัด,BG00013661,บริษัท สีไทยกันไซเพ้นท์ จำกัด,BG00013661,บริษัท สีไทยกันไซเพ้นท์ จำกัด,BG00013661,บริษัท สีไทยกันไซเพ้นท์ จำกัด,SG00000039,MS. KULASAB,8000153539,10
IR,RB15961112,20,07-03-19,ENR286000-DR000200,U-VAN 28-60,"1,000.000",KG,1000181956,20,ZGOR,GWK1902-00126,Z120,BG00013661,บริษัท สีไทยกันไซเพ้นท์ จำกัด,BG00013661,บริษัท สีไทยกันไซเพ้นท์ จำกัด,BG00013661,บริษัท สีไทยกันไซเพ้นท์ จำกัด,BG00013661,บริษัท สีไทยกันไซเพ้นท์ จำกัด,SG00000039,MS. KULASAB,8000153539,20
IR,RB15961112,30,07-03-19,ENFKH210T-DR000200,ALMATEX KH210(T),"1,200.000",KG,1000181956,30,ZGOR,GWK1902-00126,Z120,BG00013661,บริษัท สีไทยกันไซเพ้นท์ จำกัด,BG00013661,บริษัท สีไทยกันไซเพ้นท์ จำกัด,BG00013661,บริษัท สีไทยกันไซเพ้นท์ จำกัด,BG00013661,บริษัท สีไทยกันไซเพ้นท์ จำกัด,SG00000039,MS. KULASAB,8000153539,30
IR,RB15961112,40,07-03-19,ENFKH113T-DR000200,ALMATEX KH113(T),"1,200.000",KG,1000181956,40,ZGOR,GWK1902-00126,Z120,BG00013661,บริษัท สีไทยกันไซเพ้นท์ จำกัด,BG00013661,บริษัท สีไทยกันไซเพ้นท์ จำกัด,BG00013661,บริษัท สีไทยกันไซเพ้นท์ จำกัด,BG00013661,บริษัท สีไทยกันไซเพ้นท์ จำกัด,SG00000039,MS. KULASAB,8000153539,40
IR,RB15961112,50,07-03-19,ENJQ17090-DR000200,OLESTER Q1709,"3,000.000",KG,1000181956,50,ZGOR,GWK1902-00126,Z120,BG00013661,บริษัท สีไทยกันไซเพ้นท์ จำกัด,BG00013661,บริษัท สีไทยกันไซเพ้นท์ จำกัด,BG00013661,บริษัท สีไทยกันไซเพ้นท์ จำกัด,BG00013661,บริษัท สีไทยกันไซเพ้นท์ จำกัด,SG00000039,MS. KULASAB,8000153539,50
IR,RB15961160,10,08-03-19,ENFC20100-DR000200,ALMATEX C201,"2,400.000",KG,1000182963,10,ZGOR,WK1903-00122,Z120,BG00013090,บริษัท สีไทยกันไซเพ้นท์ จำกัด,BG00013090,บริษัท สีไทยกันไซเพ้นท์ จำกัด,BG00013090,บริษัท สีไทยกันไซเพ้นท์ จำกัด,BG00013090,บริษัท สีไทยกันไซเพ้นท์ จำกัด,SG00000039,MS. KULASAB,8000153627,10
IR,RB15961162,10,08-03-19,ENJQ17090-DR000200,OLESTER Q1709,200.000,KG,1000183051,10,ZGOR,WK1903-00142,Z120,BG00013090,บริษัท สีไทยกันไซเพ้นท์ จำกัด,BG00013090,บริษัท สีไทยกันไซเพ้นท์ จำกัด,BG00013090,บริษัท สีไทยกันไซเพ้นท์ จำกัด,BG00013090,บริษัท สีไทยกันไซเพ้นท์ จำกัด,SG00000039,MS. KULASAB,8000153688,10
IR,RB15961162,20,08-03-19,ENFB303T0-DR000200,ALMATEX B303T,200.000,KG,1000183051,20,ZGOR,WK1903-00142,Z120,BG00013090,บริษัท สีไทยกันไซเพ้นท์ จำกัด,BG00013090,บริษัท สีไทยกันไซเพ้นท์ จำกัด,BG00013090,บริษัท สีไทยกันไซเพ้นท์ จำกัด,BG00013090,บริษัท สีไทยกันไซเพ้นท์ จำกัด,SG00000039,MS. KULASAB,8000153688,20
IR,RB15961163,10,08-03-19,ENR225000-DR000200,U-VAN 225,"1,000.000",KG,1000182724,10,ZGOR,RWK1903-00082,Z120,BG00013306,บริษัท สีไทยกันไซเพ้นท์ จำกัด,BG00013306,บริษัท สีไทยกันไซเพ้นท์ จำกัด,BG00013306,บริษัท สีไทยกันไซเพ้นท์ จำกัด,BG00013306,บริษัท สีไทยกันไซเพ้นท์ จำกัด,SG00000039,MS. KULASAB,8000153706,10
IR,RB15961163,20,08-03-19,ENR286000-DR000200,U-VAN 28-60,"1,000.000",KG,1000182724,20,ZGOR,RWK1903-00082,Z120,BG00013306,บริษัท สีไทยกันไซเพ้นท์ จำกัด,BG00013306,บริษัท สีไทยกันไซเพ้นท์ จำกัด,BG00013306,บริษัท สีไทยกันไซเพ้นท์ จำกัด,BG00013306,บริษัท สีไทยกันไซเพ้นท์ จำกัด,SG00000039,MS. KULASAB,8000153706,20
IR,RB15961163,40,08-03-19,ENRMB20T0-DR000200,U-VAN MB20T,"1,000.000",KG,1000182724,40,ZGOR,RWK1903-00082,Z120,BG00013306,บริษัท สีไทยกันไซเพ้นท์ จำกัด,BG00013306,บริษัท สีไทยกันไซเพ้นท์ จำกัด,BG00013306,บริษัท สีไทยกันไซเพ้นท์ จำกัด,BG00013306,บริษัท สีไทยกันไซเพ้นท์ จำกัด,SG00000039,MS. KULASAB,8000153706,30
IR,RB15961163,50,08-03-19,ENFB303T0-DR000200,ALMATEX B303T,"2,000.000",KG,1000182724,50,ZGOR,RWK1903-00082,Z120,BG00013306,บริษัท สีไทยกันไซเพ้นท์ จำกัด,BG00013306,บริษัท สีไทยกันไซเพ้นท์ จำกัด,BG00013306,บริษัท สีไทยกันไซเพ้นท์ จำกัด,BG00013306,บริษัท สีไทยกันไซเพ้นท์ จำกัด,SG00000039,MS. KULASAB,8000153706,40
IR,RB15961237,10,11-03-19,ENR48B000-DR000200,U-VAN 48B,"4,000.000",KG,1000183053,10,ZGOR,GWK1903-00025,Z120,BG00013661,บริษัท สีไทยกันไซเพ้นท์ จำกัด,BG00013661,บริษัท สีไทยกันไซเพ้นท์ จำกัด,BG00013661,บริษัท สีไทยกันไซเพ้นท์ จำกัด,BG00013661,บริษัท สีไทยกันไซเพ้นท์ จำกัด,SG00000039,MS. KULASAB,8000153809,10
IR,RB15961274,10,12-03-19,ENJQC418H-DR000200,OLESTER QC418HT,"1,600.000",KG,1000183202,10,ZGOR,WK1903-00148,Z120,BG00013090,บริษัท สีไทยกันไซเพ้นท์ จำกัด,BG00013090,บริษัท สีไทยกันไซเพ้นท์ จำกัด,BG00013090,บริษัท สีไทยกันไซเพ้นท์ จำกัด,BG00013090,บริษัท สีไทยกันไซเพ้นท์ จำกัด,SG00000039,MS. KULASAB,8000153919,10
IR,RB15961275,10,12-03-19,ENGAL9009-DR000100,ALMATEX-A-9009,400.000,KG,1000182961,10,ZGOR,WK1903-00121,Z120,BG00013090,บริษัท สีไทยกันไซเพ้นท์ จำกัด,BG00013090,บริษัท สีไทยกันไซเพ้นท์ จำกัด,BG00013090,บริษัท สีไทยกันไซเพ้นท์ จำกัด,BG00013090,บริษัท สีไทยกันไซเพ้นท์ จำกัด,SG00000039,MS. KULASAB,8000153949,10
IR,RB15961325,30,13-03-19,ENRMB30T0-DR000200,U-VAN MB30T,"2,400.000",KG,1000181932,30,ZGOR,GWK1902-00125,Z120,BG00013661,บริษัท สีไทยกันไซเพ้นท์ จำกัด,BG00013661,บริษัท สีไทยกันไซเพ้นท์ จำกัด,BG00013661,บริษัท สีไทยกันไซเพ้นท์ จำกัด,BG00013661,บริษัท สีไทยกันไซเพ้นท์ จำกัด,SG00000039,MS. KULASAB,8000154101,10
IR,RB15961389,10,14-03-19,ENR20SE65-DR000200,U-VAN 20SE65,"1,000.000",KG,1000182726,10,ZGOR,RWK1903-00083,Z120,BG00013306,บริษัท สีไทยกันไซเพ้นท์ จำกัด,BG00013306,บริษัท สีไทยกันไซเพ้นท์ จำกัด,BG00013306,บริษัท สีไทยกันไซเพ้นท์ จำกัด,BG00013306,บริษัท สีไทยกันไซเพ้นท์ จำกัด,SG00000039,MS. KULASAB,8000154277,10
IR,RB15961389,20,14-03-19,ENR225000-DR000200,U-VAN 225,"1,200.000",KG,1000182726,20,ZGOR,RWK1903-00083,Z120,BG00013306,บริษัท สีไทยกันไซเพ้นท์ จำกัด,BG00013306,บริษัท สีไทยกันไซเพ้นท์ จำกัด,BG00013306,บริษัท สีไทยกันไซเพ้นท์ จำกัด,BG00013306,บริษัท สีไทยกันไซเพ้นท์ จำกัด,SG00000039,MS. KULASAB,8000154277,20
IR,RB15961389,40,14-03-19,ENRMB20T0-DR000200,U-VAN MB20T,"1,400.000",KG,1000182726,40,ZGOR,RWK1903-00083,Z120,BG00013306,บริษัท สีไทยกันไซเพ้นท์ จำกัด,BG00013306,บริษัท สีไทยกันไซเพ้นท์ จำกัด,BG00013306,บริษัท สีไทยกันไซเพ้นท์ จำกัด,BG00013306,บริษัท สีไทยกันไซเพ้นท์ จำกัด,SG00000039,MS. KULASAB,8000154277,30
IR,RB15961395,10,15-03-19,ENR225000-DR000200,U-VAN 225,400.000,KG,1000183627,10,ZGOR,WK1903-00208,Z120,BG00013090,บริษัท สีไทยกันไซเพ้นท์ จำกัด,BG00013090,บริษัท สีไทยกันไซเพ้นท์ จำกัด,BG00013090,บริษัท สีไทยกันไซเพ้นท์ จำกัด,BG00013090,บริษัท สีไทยกันไซเพ้นท์ จำกัด,SG00000039,MS. KULASAB,8000154299,10
IR,RB15961395,20,15-03-19,ENFP64600-DR000200,ALMATEX P646,200.000,KG,1000183627,20,ZGOR,WK1903-00208,Z120,BG00013090,บริษัท สีไทยกันไซเพ้นท์ จำกัด,BG00013090,บริษัท สีไทยกันไซเพ้นท์ จำกัด,BG00013090,บริษัท สีไทยกันไซเพ้นท์ จำกัด,BG00013090,บริษัท สีไทยกันไซเพ้นท์ จำกัด,SG00000039,MS. KULASAB,8000154299,20
IR,RB15961446,20,15-03-19,ENR925T70-DR000200,U-VAN 925T-70,"4,000.000",KG,1000183053,20,ZGOR,GWK1903-00025,Z120,BG00013661,บริษัท สีไทยกันไซเพ้นท์ จำกัด,BG00013661,บริษัท สีไทยกันไซเพ้นท์ จำกัด,BG00013661,บริษัท สีไทยกันไซเพ้นท์ จำกัด,BG00013661,บริษัท สีไทยกันไซเพ้นท์ จำกัด,SG00000039,MS. KULASAB,8000154469,10
IR,RB15961447,30,15-03-19,ENR925T70-DR000200,U-VAN 925T-70,"2,000.000",KG,1000182726,30,ZGOR,RWK1903-00083,Z120,BG00013306,บริษัท สีไทยกันไซเพ้นท์ จำกัด,BG00013306,บริษัท สีไทยกันไซเพ้นท์ จำกัด,BG00013306,บริษัท สีไทยกันไซเพ้นท์ จำกัด,BG00013306,บริษัท สีไทยกันไซเพ้นท์ จำกัด,SG00000039,MS. KULASAB,8000154467,10
IR,RB15961448,30,15-03-19,ENR925T70-DR000200,U-VAN 925T-70,"1,000.000",KG,1000182724,30,ZGOR,RWK1903-00082,Z120,BG00013306,บริษัท สีไทยกันไซเพ้นท์ จำกัด,BG00013306,บริษัท สีไทยกันไซเพ้นท์ จำกัด,BG00013306,บริษัท สีไทยกันไซเพ้นท์ จำกัด,BG00013306,บริษัท สีไทยกันไซเพ้นท์ จำกัด,SG00000039,MS. KULASAB,8000154468,10
IR,RB15961451,10,15-03-19,ENR48B000-DR000200,U-VAN 48B,"3,000.000",KG,1000183580,10,ZGOR,GWK1903-00037,Z120,BG00013661,บริษัท สีไทยกันไซเพ้นท์ จำกัด,BG00013661,บริษัท สีไทยกันไซเพ้นท์ จำกัด,BG00013661,บริษัท สีไทยกันไซเพ้นท์ จำกัด,BG00013661,บริษัท สีไทยกันไซเพ้นท์ จำกัด,SG00000039,MS. KULASAB,8000154475,10
IR,RB15961451,20,15-03-19,ENRMB30T0-DR000200,U-VAN MB30T,"2,000.000",KG,1000183580,20,ZGOR,GWK1903-00037,Z120,BG00013661,บริษัท สีไทยกันไซเพ้นท์ จำกัด,BG00013661,บริษัท สีไทยกันไซเพ้นท์ จำกัด,BG00013661,บริษัท สีไทยกันไซเพ้นท์ จำกัด,BG00013661,บริษัท สีไทยกันไซเพ้นท์ จำกัด,SG00000039,MS. KULASAB,8000154475,20
IR,RB15961455,10,18-03-19,ENJQC418H-DR000200,OLESTER QC418HT,"2,000.000",KG,1000183866,10,ZGOR,GWK1903-00042,Z120,BG00013661,บริษัท สีไทยกันไซเพ้นท์ จำกัด,BG00013661,บริษัท สีไทยกันไซเพ้นท์ จำกัด,BG00013661,บริษัท สีไทยกันไซเพ้นท์ จำกัด,BG00013661,บริษัท สีไทยกันไซเพ้นท์ จำกัด,SG00000039,MS. KULASAB,8000154510,10
IR,RB15961539,10,19-03-19,ENGAL9009-DR000100,ALMATEX-A-9009,400.000,KG,1000183771,10,ZGOR,WK1903-00252,Z120,BG00013090,บริษัท สีไทยกันไซเพ้นท์ จำกัด,BG00013090,บริษัท สีไทยกันไซเพ้นท์ จำกัด,BG00013090,บริษัท สีไทยกันไซเพ้นท์ จำกัด,BG00013090,บริษัท สีไทยกันไซเพ้นท์ จำกัด,SG00000039,MS. KULASAB,8000154640,10
IR,RB15961560,10,20-03-19,ENFB34100-DR000200,ALMATEX B341,200.000,KG,1000182964,10,ZGOR,WK1903-00123,Z120,BG00013090,บริษัท สีไทยกันไซเพ้นท์ จำกัด,BG00013090,บริษัท สีไทยกันไซเพ้นท์ จำกัด,BG00013090,บริษัท สีไทยกันไซเพ้นท์ จำกัด,BG00013090,บริษัท สีไทยกันไซเพ้นท์ จำกัด,SG00000039,MS. KULASAB,8000154743,10
IR,RB15961561,20,20-03-19,ENR925T70-DR000200,U-VAN 925T-70,600.000,KG,1000183655,20,ZGOR,RWK1903-00142,Z120,BG00013306,บริษัท สีไทยกันไซเพ้นท์ จำกัด,BG00013306,บริษัท สีไทยกันไซเพ้นท์ จำกัด,BG00013306,บริษัท สีไทยกันไซเพ้นท์ จำกัด,BG00013306,บริษัท สีไทยกันไซเพ้นท์ จำกัด,SG00000039,MS. KULASAB,8000154688,10
IR,RB15961712,10,25-03-19,ENGAL9009-DR000100,ALMATEX-A-9009,400.000,KG,1000184282,10,ZGOR,WK1903-00297,Z120,BG00013090,บริษัท สีไทยกันไซเพ้นท์ จำกัด,BG00013090,บริษัท สีไทยกันไซเพ้นท์ จำกัด,BG00013090,บริษัท สีไทยกันไซเพ้นท์ จำกัด,BG00013090,บริษัท สีไทยกันไซเพ้นท์ จำกัด,SG00000039,MS. KULASAB,8000155104,10
IR,RB15961727,10,25-03-19,ENRMB30T0-DR000200,U-VAN MB30T,"2,000.000",KG,1000184223,10,ZGOR,GWK1903-00052,Z120,BG00013661,บริษัท สีไทยกันไซเพ้นท์ จำกัด,BG00013661,บริษัท สีไทยกันไซเพ้นท์ จำกัด,BG00013661,บริษัท สีไทยกันไซเพ้นท์ จำกัด,BG00013661,บริษัท สีไทยกันไซเพ้นท์ จำกัด,SG00000039,MS. KULASAB,8000155060,10
IR,RB15961729,10,25-03-19,ENF750T00-DR000200,ALMATEX 750T,"1,600.000",KG,1000184456,10,ZGOR,WK1903-00329,Z120,BG00013090,บริษัท สีไทยกันไซเพ้นท์ จำกัด,BG00013090,บริษัท สีไทยกันไซเพ้นท์ จำกัด,BG00013090,บริษัท สีไทยกันไซเพ้นท์ จำกัด,BG00013090,บริษัท สีไทยกันไซเพ้นท์ จำกัด,SG00000039,MS. KULASAB,8000155070,10
IR,RB15961729,20,25-03-19,ENJQC418H-DR000200,OLESTER QC418HT,"1,600.000",KG,1000184456,20,ZGOR,WK1903-00329,Z120,BG00013090,บริษัท สีไทยกันไซเพ้นท์ จำกัด,BG00013090,บริษัท สีไทยกันไซเพ้นท์ จำกัด,BG00013090,บริษัท สีไทยกันไซเพ้นท์ จำกัด,BG00013090,บริษัท สีไทยกันไซเพ้นท์ จำกัด,SG00000039,MS. KULASAB,8000155070,20
IR,RB15961733,10,25-03-19,ENRMB30T0-DR000200,U-VAN MB30T,600.000,KG,1000184613,10,ZGOR,GWK1903-00054,Z120,BG00013661,บริษัท สีไทยกันไซเพ้นท์ จำกัด,BG00013661,บริษัท สีไทยกันไซเพ้นท์ จำกัด,BG00013661,บริษัท สีไทยกันไซเพ้นท์ จำกัด,BG00013661,บริษัท สีไทยกันไซเพ้นท์ จำกัด,SG00000039,MS. KULASAB,8000155103,10
IR,RB15961735,10,25-03-19,ENR48B000-DR000200,U-VAN 48B,"1,400.000",KG,1000183655,10,ZGOR,RWK1903-00142,Z120,BG00013306,บริษัท สีไทยกันไซเพ้นท์ จำกัด,BG00013306,บริษัท สีไทยกันไซเพ้นท์ จำกัด,BG00013306,บริษัท สีไทยกันไซเพ้นท์ จำกัด,BG00013306,บริษัท สีไทยกันไซเพ้นท์ จำกัด,SG00000039,MS. KULASAB,8000155130,10
IR,RB15961735,30,25-03-19,ENRMB20T0-DR000200,U-VAN MB20T,"1,000.000",KG,1000183655,30,ZGOR,RWK1903-00142,Z120,BG00013306,บริษัท สีไทยกันไซเพ้นท์ จำกัด,BG00013306,บริษัท สีไทยกันไซเพ้นท์ จำกัด,BG00013306,บริษัท สีไทยกันไซเพ้นท์ จำกัด,BG00013306,บริษัท สีไทยกันไซเพ้นท์ จำกัด,SG00000039,MS. KULASAB,8000155130,20
IR,RB15961735,40,25-03-19,ENFB303T0-DR000200,ALMATEX B303T,"2,000.000",KG,1000183655,40,ZGOR,RWK1903-00142,Z120,BG00013306,บริษัท สีไทยกันไซเพ้นท์ จำกัด,BG00013306,บริษัท สีไทยกันไซเพ้นท์ จำกัด,BG00013306,บริษัท สีไทยกันไซเพ้นท์ จำกัด,BG00013306,บริษัท สีไทยกันไซเพ้นท์ จำกัด,SG00000039,MS. KULASAB,8000155130,30
